Year,Age,Gender,Value
2015,,,38303
2016,,,219981
2017,,,393228
2018,,,400478
2019,,,404030
2020,,,354018
2015,under 18 years old,,169
2016,under 18 years old,,1413
2017,under 18 years old,,1803
2018,under 18 years old,,2051
2019,under 18 years old,,1976
2020,under 18 years old,,1893
2015,from 18 years to 35 years inclusive,,5827
2016,from 18 years to 35 years inclusive,,48456
2017,from 18 years to 35 years inclusive,,88404
2018,from 18 years to 35 years inclusive,,86792
2019,from 18 years to 35 years inclusive,,70756
2020,from 18 years to 35 years inclusive,,71945
2015,from 36 years to 60 years inclusive,,18009
2016,from 36 years to 60 years inclusive,,110488
2017,from 36 years to 60 years inclusive,,196311
2018,from 36 years to 60 years inclusive,,193433
2019,from 36 years to 60 years inclusive,,185227
2020,from 36 years to 60 years inclusive,,172036
2015,60 years and older,,14298
2016,60 years and older,,59624
2017,60 years and older,,106710
2018,60 years and older,,118202
2019,60 years and older,,146071
2020,60 years and older,,108144
2015,,male,15673
2016,,male,93488
2017,,male,158462
2018,,male,151787
2019,,male,152578
2020,,male,137011
2015,,female,22630
2016,,female,126493
2017,,female,234766
2018,,female,248691
2019,,female,251452
2020,,female,217007
