Year,Type of residence,Type of water supply,Value
2015,urban,,3.1
2016,urban,,4.3
2017,urban,,4.6
2018,urban,,5.1
2019,urban,,5.7
2020,urban,,4.7
2015,rural,,7.6
2016,rural,,10.4
2017,rural,,11.2
2018,rural,,11.8
2019,rural,,11.4
2020,rural,,13.8
2015,,centralized,4.6
2016,,centralized,6.4
2017,,centralized,6.7
2018,,centralized,7.7
2019,,centralized,8.2
2020,,centralized,7.6
2015,,decentralized,18.0
2016,,decentralized,23.1
2017,,decentralized,20.4
2018,,decentralized,23.4
2019,,decentralized,24.6
2020,,decentralized,22.6
