Year,Місцевість проживання,Value
2015,,9.3
2016,,8.8
2017,,8.9
2018,,8.3
2019,,8.2
2020,,7.9
2021,,8.3
2022,,
2015,міська,8.5
2016,міська,8.0
2017,міська,8.1
2018,міська,7.8
2019,міська,7.4
2020,міська,7.4
2021,міська,8.0
2022,міська,
2015,сільська,10.5
2016,сільська,10.2
2017,сільська,10.4
2018,сільська,9.5
2019,сільська,9.8
2020,сільська,8.7
2021,сільська,8.8
2022,сільська,
