Year,Категорія,Одиниця виміру,включаючи,Value
2015,Відпуск електроенергії в мережу,млн кВтг,,146642.0
2016,Відпуск електроенергії в мережу,млн кВтг,,141619.0
2017,Відпуск електроенергії в мережу,млн кВтг,,142509.0
2018,Відпуск електроенергії в мережу,млн кВтг,,146523.0
2019,Відпуск електроенергії в мережу,млн кВтг,,141329.0
2020,Відпуск електроенергії в мережу,млн кВтг,,
2015,Корисний відпуск електроенергії в мережу,млн кВтг,,131861.0
2016,Корисний відпуск електроенергії в мережу,млн кВтг,,131274.0
2017,Корисний відпуск електроенергії в мережу,млн кВтг,,132093.0
2018,Корисний відпуск електроенергії в мережу,млн кВтг,,129191.0
2019,Корисний відпуск електроенергії в мережу,млн кВтг,,116612.0
2020,Корисний відпуск електроенергії в мережу,млн кВтг,,
2015,Звітна фактична величина ТВЕ,млн кВтг,,16860.0
2016,Звітна фактична величина ТВЕ,млн кВтг,,16626.0
2017,Звітна фактична величина ТВЕ,млн кВтг,,16774.0
2018,Звітна фактична величина ТВЕ,млн кВтг,,16996.0
2019,Звітна фактична величина ТВЕ,млн кВтг,,16418.0
2020,Звітна фактична величина ТВЕ,млн кВтг,,
2015,Звітна фактична величина ТВЕ,відсоток,,11.5
2016,Звітна фактична величина ТВЕ,відсоток,,11.74
2017,Звітна фактична величина ТВЕ,відсоток,,11.77
2018,Звітна фактична величина ТВЕ,відсоток,,11.6
2019,Звітна фактична величина ТВЕ,відсоток,,11.62
2020,Звітна фактична величина ТВЕ,відсоток,,
2015,Звітна фактична величина ТВЕ,млн кВтг,нормативна величина ТВЕ,19034.0
2016,Звітна фактична величина ТВЕ,млн кВтг,нормативна величина ТВЕ,18805.0
2017,Звітна фактична величина ТВЕ,млн кВтг,нормативна величина ТВЕ,18820.0
2018,Звітна фактична величина ТВЕ,млн кВтг,нормативна величина ТВЕ,19140.0
2019,Звітна фактична величина ТВЕ,млн кВтг,нормативна величина ТВЕ,18238.0
2020,Звітна фактична величина ТВЕ,млн кВтг,нормативна величина ТВЕ,
2015,Звітна фактична величина ТВЕ,відсоток,нормативна величина ТВЕ,13.0
2016,Звітна фактична величина ТВЕ,відсоток,нормативна величина ТВЕ,13.3
2017,Звітна фактична величина ТВЕ,відсоток,нормативна величина ТВЕ,13.2
2018,Звітна фактична величина ТВЕ,відсоток,нормативна величина ТВЕ,13.1
2019,Звітна фактична величина ТВЕ,відсоток,нормативна величина ТВЕ,12.9
2020,Звітна фактична величина ТВЕ,відсоток,нормативна величина ТВЕ,
2015,Звітна фактична величина ТВЕ,млн кВтг,понаднормативна величина ТВЕ,-2174.0
2016,Звітна фактична величина ТВЕ,млн кВтг,понаднормативна величина ТВЕ,-2179.0
2017,Звітна фактична величина ТВЕ,млн кВтг,понаднормативна величина ТВЕ,-2046.0
2018,Звітна фактична величина ТВЕ,млн кВтг,понаднормативна величина ТВЕ,-2144.0
2019,Звітна фактична величина ТВЕ,млн кВтг,понаднормативна величина ТВЕ,-1820.0
2020,Звітна фактична величина ТВЕ,млн кВтг,понаднормативна величина ТВЕ,
2015,Звітна фактична величина ТВЕ,відсоток,понаднормативна величина ТВЕ,-1.5
2016,Звітна фактична величина ТВЕ,відсоток,понаднормативна величина ТВЕ,-1.5
2017,Звітна фактична величина ТВЕ,відсоток,понаднормативна величина ТВЕ,-1.4
2018,Звітна фактична величина ТВЕ,відсоток,понаднормативна величина ТВЕ,-1.5
2019,Звітна фактична величина ТВЕ,відсоток,понаднормативна величина ТВЕ,-1.3
2020,Звітна фактична величина ТВЕ,відсоток,понаднормативна величина ТВЕ,
2015,ТВЕ в розподільчих електромережах,млн кВтг,,12611.0
2016,ТВЕ в розподільчих електромережах,млн кВтг,,12885.0
2017,ТВЕ в розподільчих електромережах,млн кВтг,,12932.0
2018,ТВЕ в розподільчих електромережах,млн кВтг,,13223.0
2019,ТВЕ в розподільчих електромережах,млн кВтг,,12887.0
2020,ТВЕ в розподільчих електромережах,млн кВтг,,
2015,ТВЕ в розподільчих електромережах,відсоток,,9.79
2016,ТВЕ в розподільчих електромережах,відсоток,,9.9
2017,ТВЕ в розподільчих електромережах,відсоток,,9.89
2018,ТВЕ в розподільчих електромережах,відсоток,,9.84
2019,ТВЕ в розподільчих електромережах,відсоток,,10.35
2020,ТВЕ в розподільчих електромережах,відсоток,,
