Year,Article,Group,Unit,Value
2015,1_art_all,1_all,1_vict_per_100,965.12
2016,1_art_all,1_all,1_vict_per_100,1044.08
2017,1_art_all,1_all,1_vict_per_100,882.92
2018,1_art_all,1_all,1_vict_per_100,817.92
2019,1_art_all,1_all,1_vict_per_100,720.23
2020,1_art_all,1_all,1_vict_per_100,564.62
2015,1_art_all,1_all,2_vict_all,412689.0
2016,1_art_all,1_all,2_vict_all,444617.0
2017,1_art_all,1_all,2_vict_all,374238.0
2018,1_art_all,1_all,2_vict_all,344780.0
2019,1_art_all,1_all,2_vict_all,301792.0
2020,1_art_all,1_all,2_vict_all,234816.0
2015,1_art_all,2_females,2_vict_all,156190.0
2016,1_art_all,2_females,2_vict_all,167099.0
2017,1_art_all,2_females,2_vict_all,133633.0
2018,1_art_all,2_females,2_vict_all,118444.0
2019,1_art_all,2_females,2_vict_all,102448.0
2020,1_art_all,2_females,2_vict_all,74885.0
2015,1_art_all,3_adolescents,2_vict_all,4809.0
2016,1_art_all,3_adolescents,2_vict_all,4838.0
2017,1_art_all,3_adolescents,2_vict_all,4095.0
2018,1_art_all,3_adolescents,2_vict_all,3701.0
2019,1_art_all,3_adolescents,2_vict_all,3249.0
2020,1_art_all,3_adolescents,2_vict_all,3202.0
2015,1_art_all,4_young,2_vict_all,2241.0
2016,1_art_all,4_young,2_vict_all,2362.0
2017,1_art_all,4_young,2_vict_all,2208.0
2018,1_art_all,4_young,2_vict_all,2217.0
2019,1_art_all,4_young,2_vict_all,2222.0
2020,1_art_all,4_young,2_vict_all,2034.0
2015,2_art_115_118,1_all,1_vict_per_100,14.8
2016,2_art_115_118,1_all,1_vict_per_100,8.24
2017,2_art_115_118,1_all,1_vict_per_100,6.49
2018,2_art_115_118,1_all,1_vict_per_100,3.93
2019,2_art_115_118,1_all,1_vict_per_100,3.72
2020,2_art_115_118,1_all,1_vict_per_100,3.92
2015,2_art_115_118,1_all,2_vict_all,6330.0
2016,2_art_115_118,1_all,2_vict_all,3511.0
2017,2_art_115_118,1_all,2_vict_all,2751.0
2018,2_art_115_118,1_all,2_vict_all,1657.0
2019,2_art_115_118,1_all,2_vict_all,1557.0
2020,2_art_115_118,1_all,2_vict_all,1624.0
2015,2_art_115_118,2_females,2_vict_all,1214.0
2016,2_art_115_118,2_females,2_vict_all,980.0
2017,2_art_115_118,2_females,2_vict_all,461.0
2018,2_art_115_118,2_females,2_vict_all,465.0
2019,2_art_115_118,2_females,2_vict_all,429.0
2020,2_art_115_118,2_females,2_vict_all,405.0
2015,2_art_115_118,3_adolescents,2_vict_all,55.0
2016,2_art_115_118,3_adolescents,2_vict_all,36.0
2017,2_art_115_118,3_adolescents,2_vict_all,19.0
2018,2_art_115_118,3_adolescents,2_vict_all,19.0
2019,2_art_115_118,3_adolescents,2_vict_all,12.0
2020,2_art_115_118,3_adolescents,2_vict_all,18.0
2015,2_art_115_118,4_young,2_vict_all,91.0
2016,2_art_115_118,4_young,2_vict_all,79.0
2017,2_art_115_118,4_young,2_vict_all,41.0
2018,2_art_115_118,4_young,2_vict_all,46.0
2019,2_art_115_118,4_young,2_vict_all,39.0
2020,2_art_115_118,4_young,2_vict_all,45.0
2015,3_art_152,1_all,1_vict_per_100,0.72
2016,3_art_152,1_all,1_vict_per_100,0.77
2017,3_art_152,1_all,1_vict_per_100,0.55
2018,3_art_152,1_all,1_vict_per_100,0.47
2019,3_art_152,1_all,1_vict_per_100,0.81
2020,3_art_152,1_all,1_vict_per_100,0.93
2015,3_art_152,1_all,2_vict_all,306.0
2016,3_art_152,1_all,2_vict_all,328.0
2017,3_art_152,1_all,2_vict_all,233.0
2018,3_art_152,1_all,2_vict_all,197.0
2019,3_art_152,1_all,2_vict_all,341.0
2020,3_art_152,1_all,2_vict_all,388.0
2015,3_art_152,2_females,2_vict_all,278.0
2016,3_art_152,2_females,2_vict_all,298.0
2017,3_art_152,2_females,2_vict_all,208.0
2018,3_art_152,2_females,2_vict_all,170.0
2019,3_art_152,2_females,2_vict_all,276.0
2020,3_art_152,2_females,2_vict_all,263.0
2015,3_art_152,3_adolescents,2_vict_all,57.0
2016,3_art_152,3_adolescents,2_vict_all,55.0
2017,3_art_152,3_adolescents,2_vict_all,50.0
2018,3_art_152,3_adolescents,2_vict_all,39.0
2019,3_art_152,3_adolescents,2_vict_all,56.0
2020,3_art_152,3_adolescents,2_vict_all,82.0
2015,3_art_152,4_young,2_vict_all,27.0
2016,3_art_152,4_young,2_vict_all,32.0
2017,3_art_152,4_young,2_vict_all,39.0
2018,3_art_152,4_young,2_vict_all,28.0
2019,3_art_152,4_young,2_vict_all,92.0
2020,3_art_152,4_young,2_vict_all,151.0
2015,4_art_121,1_all,1_vict_per_100,5.58
2016,4_art_121,1_all,1_vict_per_100,5.1
2017,4_art_121,1_all,1_vict_per_100,4.7
2018,4_art_121,1_all,1_vict_per_100,4.86
2019,4_art_121,1_all,1_vict_per_100,4.48
2020,4_art_121,1_all,1_vict_per_100,3.88
2015,4_art_121,1_all,2_vict_all,2385.0
2016,4_art_121,1_all,2_vict_all,2170.0
2017,4_art_121,1_all,2_vict_all,1991.0
2018,4_art_121,1_all,2_vict_all,2047.0
2019,4_art_121,1_all,2_vict_all,1878.0
2020,4_art_121,1_all,2_vict_all,1614.0
2015,4_art_121,2_females,2_vict_all,425.0
2016,4_art_121,2_females,2_vict_all,387.0
2017,4_art_121,2_females,2_vict_all,340.0
2018,4_art_121,2_females,2_vict_all,362.0
2019,4_art_121,2_females,2_vict_all,319.0
2020,4_art_121,2_females,2_vict_all,234.0
2015,4_art_121,3_adolescents,2_vict_all,30.0
2016,4_art_121,3_adolescents,2_vict_all,28.0
2017,4_art_121,3_adolescents,2_vict_all,23.0
2018,4_art_121,3_adolescents,2_vict_all,34.0
2019,4_art_121,3_adolescents,2_vict_all,16.0
2020,4_art_121,3_adolescents,2_vict_all,17.0
2015,4_art_121,4_young,2_vict_all,11.0
2016,4_art_121,4_young,2_vict_all,18.0
2017,4_art_121,4_young,2_vict_all,9.0
2018,4_art_121,4_young,2_vict_all,6.0
2019,4_art_121,4_young,2_vict_all,13.0
2020,4_art_121,4_young,2_vict_all,9.0
2015,5_art_149,1_all,1_vict_per_100,0.26
2016,5_art_149,1_all,1_vict_per_100,0.2
2017,5_art_149,1_all,1_vict_per_100,0.73
2018,5_art_149,1_all,1_vict_per_100,0.55
2019,5_art_149,1_all,1_vict_per_100,0.63
2020,5_art_149,1_all,1_vict_per_100,0.37
2015,5_art_149,1_all,2_vict_all,113.0
2016,5_art_149,1_all,2_vict_all,86.0
2017,5_art_149,1_all,2_vict_all,309.0
2018,5_art_149,1_all,2_vict_all,231.0
2019,5_art_149,1_all,2_vict_all,262.0
2020,5_art_149,1_all,2_vict_all,152.0
2015,5_art_149,2_females,2_vict_all,78.0
2016,5_art_149,2_females,2_vict_all,66.0
2017,5_art_149,2_females,2_vict_all,130.0
2018,5_art_149,2_females,2_vict_all,127.0
2019,5_art_149,2_females,2_vict_all,107.0
2020,5_art_149,2_females,2_vict_all,64.0
2015,5_art_149,3_adolescents,2_vict_all,6.0
2016,5_art_149,3_adolescents,2_vict_all,2.0
2017,5_art_149,3_adolescents,2_vict_all,8.0
2018,5_art_149,3_adolescents,2_vict_all,11.0
2019,5_art_149,3_adolescents,2_vict_all,8.0
2020,5_art_149,3_adolescents,2_vict_all,
2015,5_art_149,4_young,2_vict_all,1.0
2016,5_art_149,4_young,2_vict_all,2.0
2017,5_art_149,4_young,2_vict_all,11.0
2018,5_art_149,4_young,2_vict_all,12.0
2019,5_art_149,4_young,2_vict_all,2.0
2020,5_art_149,4_young,2_vict_all,1.0
