Year,Region,Value
2015,,177.0
2016,,186.0
2017,,191.0
2018,,189.0
2019,,187.0
2020,,192.0
2021,,193.0
2022,,193.0
2015,11_reg_Vinnytsya,
2016,11_reg_Vinnytsya,
2017,11_reg_Vinnytsya,
2018,11_reg_Vinnytsya,
2019,11_reg_Vinnytsya,
2020,11_reg_Vinnytsya,
2021,11_reg_Vinnytsya,
2022,11_reg_Vinnytsya,
2015,12_reg_Volyn,
2016,12_reg_Volyn,
2017,12_reg_Volyn,
2018,12_reg_Volyn,
2019,12_reg_Volyn,
2020,12_reg_Volyn,
2021,12_reg_Volyn,
2022,12_reg_Volyn,
2015,13_reg_Dnipropetrovsk,
2016,13_reg_Dnipropetrovsk,
2017,13_reg_Dnipropetrovsk,1.0
2018,13_reg_Dnipropetrovsk,1.0
2019,13_reg_Dnipropetrovsk,1.0
2020,13_reg_Dnipropetrovsk,1.0
2021,13_reg_Dnipropetrovsk,2.0
2022,13_reg_Dnipropetrovsk,2.0
2015,14_reg_Donetsk,7.0
2016,14_reg_Donetsk,7.0
2017,14_reg_Donetsk,5.0
2018,14_reg_Donetsk,6.0
2019,14_reg_Donetsk,6.0
2020,14_reg_Donetsk,8.0
2021,14_reg_Donetsk,8.0
2022,14_reg_Donetsk,8.0
2015,15_reg_Zhytomyr,1.0
2016,15_reg_Zhytomyr,1.0
2017,15_reg_Zhytomyr,1.0
2018,15_reg_Zhytomyr,1.0
2019,15_reg_Zhytomyr,1.0
2020,15_reg_Zhytomyr,1.0
2021,15_reg_Zhytomyr,1.0
2022,15_reg_Zhytomyr,1.0
2015,16_reg_Zakarpattya,4.0
2016,16_reg_Zakarpattya,4.0
2017,16_reg_Zakarpattya,9.0
2018,16_reg_Zakarpattya,4.0
2019,16_reg_Zakarpattya,4.0
2020,16_reg_Zakarpattya,4.0
2021,16_reg_Zakarpattya,4.0
2022,16_reg_Zakarpattya,4.0
2015,17_reg_Zaporizhzhya,7.0
2016,17_reg_Zaporizhzhya,7.0
2017,17_reg_Zaporizhzhya,7.0
2018,17_reg_Zaporizhzhya,7.0
2019,17_reg_Zaporizhzhya,7.0
2020,17_reg_Zaporizhzhya,11.0
2021,17_reg_Zaporizhzhya,11.0
2022,17_reg_Zaporizhzhya,11.0
2015,18_reg_Ivano-Frankivsk,1.0
2016,18_reg_Ivano-Frankivsk,2.0
2017,18_reg_Ivano-Frankivsk,2.0
2018,18_reg_Ivano-Frankivsk,2.0
2019,18_reg_Ivano-Frankivsk,2.0
2020,18_reg_Ivano-Frankivsk,1.0
2021,18_reg_Ivano-Frankivsk,1.0
2022,18_reg_Ivano-Frankivsk,1.0
2015,19_reg_Kyiv,1.0
2016,19_reg_Kyiv,11.0
2017,19_reg_Kyiv,13.0
2018,19_reg_Kyiv,19.0
2019,19_reg_Kyiv,15.0
2020,19_reg_Kyiv,13.0
2021,19_reg_Kyiv,13.0
2022,19_reg_Kyiv,13.0
2015,20_reg_Kirovohrad,1.0
2016,20_reg_Kirovohrad,
2017,20_reg_Kirovohrad,1.0
2018,20_reg_Kirovohrad,2.0
2019,20_reg_Kirovohrad,2.0
2020,20_reg_Kirovohrad,2.0
2021,20_reg_Kirovohrad,2.0
2022,20_reg_Kirovohrad,2.0
2015,21_reg_Luhansk,1.0
2016,21_reg_Luhansk,1.0
2017,21_reg_Luhansk,1.0
2018,21_reg_Luhansk,1.0
2019,21_reg_Luhansk,1.0
2020,21_reg_Luhansk,5.0
2021,21_reg_Luhansk,5.0
2022,21_reg_Luhansk,5.0
2015,22_reg_Lviv,4.0
2016,22_reg_Lviv,4.0
2017,22_reg_Lviv,4.0
2018,22_reg_Lviv,4.0
2019,22_reg_Lviv,5.0
2020,22_reg_Lviv,8.0
2021,22_reg_Lviv,8.0
2022,22_reg_Lviv,8.0
2015,23_reg_Mykolayiv,15.0
2016,23_reg_Mykolayiv,15.0
2017,23_reg_Mykolayiv,15.0
2018,23_reg_Mykolayiv,15.0
2019,23_reg_Mykolayiv,15.0
2020,23_reg_Mykolayiv,18.0
2021,23_reg_Mykolayiv,18.0
2022,23_reg_Mykolayiv,18.0
2015,24_reg_Odesa,14.0
2016,24_reg_Odesa,14.0
2017,24_reg_Odesa,9.0
2018,24_reg_Odesa,8.0
2019,24_reg_Odesa,9.0
2020,24_reg_Odesa,1.0
2021,24_reg_Odesa,1.0
2022,24_reg_Odesa,1.0
2015,25_reg_Poltava,113.0
2016,25_reg_Poltava,113.0
2017,25_reg_Poltava,114.0
2018,25_reg_Poltava,110.0
2019,25_reg_Poltava,110.0
2020,25_reg_Poltava,110.0
2021,25_reg_Poltava,110.0
2022,25_reg_Poltava,110.0
2015,26_reg_Rivne,
2016,26_reg_Rivne,
2017,26_reg_Rivne,
2018,26_reg_Rivne,
2019,26_reg_Rivne,
2020,26_reg_Rivne,
2021,26_reg_Rivne,
2022,26_reg_Rivne,
2015,27_reg_Sumy,
2016,27_reg_Sumy,
2017,27_reg_Sumy,
2018,27_reg_Sumy,
2019,27_reg_Sumy,
2020,27_reg_Sumy,
2021,27_reg_Sumy,
2022,27_reg_Sumy,
2015,28_reg_Ternopil,2.0
2016,28_reg_Ternopil,2.0
2017,28_reg_Ternopil,2.0
2018,28_reg_Ternopil,2.0
2019,28_reg_Ternopil,2.0
2020,28_reg_Ternopil,
2021,28_reg_Ternopil,
2022,28_reg_Ternopil,
2015,29_reg_Kharkiv,1.0
2016,29_reg_Kharkiv,1.0
2017,29_reg_Kharkiv,1.0
2018,29_reg_Kharkiv,1.0
2019,29_reg_Kharkiv,1.0
2020,29_reg_Kharkiv,1.0
2021,29_reg_Kharkiv,1.0
2022,29_reg_Kharkiv,1.0
2015,30_reg_Kherson,2.0
2016,30_reg_Kherson,2.0
2017,30_reg_Kherson,2.0
2018,30_reg_Kherson,2.0
2019,30_reg_Kherson,2.0
2020,30_reg_Kherson,2.0
2021,30_reg_Kherson,2.0
2022,30_reg_Kherson,2.0
2015,31_reg_Khmelnytskiy,2.0
2016,31_reg_Khmelnytskiy,1.0
2017,31_reg_Khmelnytskiy,3.0
2018,31_reg_Khmelnytskiy,3.0
2019,31_reg_Khmelnytskiy,3.0
2020,31_reg_Khmelnytskiy,4.0
2021,31_reg_Khmelnytskiy,4.0
2022,31_reg_Khmelnytskiy,4.0
2015,32_reg_Cherkasy,
2016,32_reg_Cherkasy,
2017,32_reg_Cherkasy,
2018,32_reg_Cherkasy,
2019,32_reg_Cherkasy,
2020,32_reg_Cherkasy,
2021,32_reg_Cherkasy,
2022,32_reg_Cherkasy,
2015,33_reg_Chernivtsi,
2016,33_reg_Chernivtsi,
2017,33_reg_Chernivtsi,
2018,33_reg_Chernivtsi,
2019,33_reg_Chernivtsi,
2020,33_reg_Chernivtsi,1.0
2021,33_reg_Chernivtsi,1.0
2022,33_reg_Chernivtsi,1.0
2015,34_reg_Chernihiv,1.0
2016,34_reg_Chernihiv,1.0
2017,34_reg_Chernihiv,1.0
2018,34_reg_Chernihiv,1.0
2019,34_reg_Chernihiv,1.0
2020,34_reg_Chernihiv,1.0
2021,34_reg_Chernihiv,1.0
2022,34_reg_Chernihiv,1.0
2015,35_reg_Kyiv_city,
2016,35_reg_Kyiv_city,
2017,35_reg_Kyiv_city,
2018,35_reg_Kyiv_city,
2019,35_reg_Kyiv_city,
2020,35_reg_Kyiv_city,
2021,35_reg_Kyiv_city,
2022,35_reg_Kyiv_city,
