Year,Ec_activ,Value
2015,,1.4
2016,,
2017,,0.7
2018,,0.8
2019,,1.3
2020,,1.9
2015,11_ext_quar,0.0
2016,11_ext_quar,
2017,11_ext_quar,0.1
2018,11_ext_quar,0.1
2019,11_ext_quar,0.2
2020,11_ext_quar,1.8
2015,12_ext_coal,
2016,12_ext_coal,
2017,12_ext_coal,
2018,12_ext_coal,0.0
2019,12_ext_coal,0.0
2020,12_ext_coal,
2015,13_ext_oil,
2016,13_ext_oil,
2017,13_ext_oil,0.0
2018,13_ext_oil,0.0
2019,13_ext_oil,0.0
2020,13_ext_oil,
2015,14_ext_ores,
2016,14_ext_ores,
2017,14_ext_ores,0.0
2018,14_ext_ores,0.2
2019,14_ext_ores,0.3
2020,14_ext_ores,
2015,15_ext_miner,0.5
2016,15_ext_miner,
2017,15_ext_miner,0.3
2018,15_ext_miner,0.1
2019,15_ext_miner,0.4
2020,15_ext_miner,0.1
2015,16_serv,0.0
2016,16_serv,
2017,16_serv,0.6
2018,16_serv,0.0
2019,16_serv,1.1
2020,16_serv,2.5
2015,17_proc_ind,2.1
2016,17_proc_ind,
2017,17_proc_ind,1.2
2018,17_proc_ind,1.3
2019,17_proc_ind,1.9
2020,17_proc_ind,2.4
2015,18_man_food,1.2
2016,18_man_food,
2017,18_man_food,0.6
2018,18_man_food,0.8
2019,18_man_food,0.9
2020,18_man_food,1.1
2015,19_man_bev,2.6
2016,19_man_bev,
2017,19_man_bev,3.2
2018,19_man_bev,3.1
2019,19_man_bev,2.3
2020,19_man_bev,1.6
2015,20_man_tobac,0.4
2016,20_man_tobac,
2017,20_man_tobac,0.8
2018,20_man_tobac,0.2
2019,20_man_tobac,
2020,20_man_tobac,
2015,21_man_text,1.6
2016,21_man_text,
2017,21_man_text,3.9
2018,21_man_text,1.1
2019,21_man_text,0.4
2020,21_man_text,1.3
2015,22_man_cloth,0.6
2016,22_man_cloth,
2017,22_man_cloth,0.4
2018,22_man_cloth,0.7
2019,22_man_cloth,0.2
2020,22_man_cloth,
2015,23_man_leather,0.1
2016,23_man_leather,
2017,23_man_leather,0.2
2018,23_man_leather,3.6
2019,23_man_leather,
2020,23_man_leather,
2015,24_man_wood,0.3
2016,24_man_wood,
2017,24_man_wood,0.3
2018,24_man_wood,0.5
2019,24_man_wood,0.1
2020,24_man_wood,1.5
2015,25_man_paper,1.5
2016,25_man_paper,
2017,25_man_paper,0.2
2018,25_man_paper,0.3
2019,25_man_paper,0.1
2020,25_man_paper,0.4
2015,26_print,3.8
2016,26_print,
2017,26_print,3.1
2018,26_print,7.7
2019,26_print,6.3
2020,26_print,
2015,27_man_coke,0.4
2016,27_man_coke,
2017,27_man_coke,
2018,27_man_coke,
2019,27_man_coke,
2020,27_man_coke,
2015,28_man_chemic,3.3
2016,28_man_chemic,
2017,28_man_chemic,0.9
2018,28_man_chemic,1.3
2019,28_man_chemic,0.6
2020,28_man_chemic,0.9
2015,29_man_pharmac,3.0
2016,29_man_pharmac,
2017,29_man_pharmac,1.6
2018,29_man_pharmac,2.4
2019,29_man_pharmac,1.7
2020,29_man_pharmac,3.5
2015,30_man_rubber,1.6
2016,30_man_rubber,
2017,30_man_rubber,1.6
2018,30_man_rubber,2.0
2019,30_man_rubber,1.8
2020,30_man_rubber,0.9
2015,31_man_non_met,0.3
2016,31_man_non_met,
2017,31_man_non_met,0.9
2018,31_man_non_met,1.0
2019,31_man_non_met,0.7
2020,31_man_non_met,1.1
2015,32_man_met,2.2
2016,32_man_met,
2017,32_man_met,0.9
2018,32_man_met,0.5
2019,32_man_met,3.2
2020,32_man_met,3.9
2015,33_man_equip,1.4
2016,33_man_equip,
2017,33_man_equip,1.2
2018,33_man_equip,2.7
2019,33_man_equip,0.7
2020,33_man_equip,1.5
2015,34_man_pc,6.4
2016,34_man_pc,
2017,34_man_pc,3.1
2018,34_man_pc,5.8
2019,34_man_pc,6.3
2020,34_man_pc,9.9
2015,35_man_el_equip,6.1
2016,35_man_el_equip,
2017,35_man_el_equip,2.5
2018,35_man_el_equip,3.3
2019,35_man_el_equip,4.1
2020,35_man_el_equip,7.8
2015,36_not_class,7.7
2016,36_not_class,
2017,36_not_class,3.5
2018,36_not_class,2.6
2019,36_not_class,8.1
2020,36_not_class,5.8
2015,37_man_motor,4.3
2016,37_man_motor,
2017,37_man_motor,2.3
2018,37_man_motor,5.0
2019,37_man_motor,5.6
2020,37_man_motor,3.6
2015,38_man_oth_veh,5.9
2016,38_man_oth_veh,
2017,38_man_oth_veh,5.4
2018,38_man_oth_veh,5.3
2019,38_man_oth_veh,1.6
2020,38_man_oth_veh,4.4
2015,39_man_furn,2.8
2016,39_man_furn,
2017,39_man_furn,0.7
2018,39_man_furn,2.2
2019,39_man_furn,1.0
2020,39_man_furn,1.4
2015,40_man_oth_prod,1.1
2016,40_man_oth_prod,
2017,40_man_oth_prod,1.0
2018,40_man_oth_prod,0.5
2019,40_man_oth_prod,0.3
2020,40_man_oth_prod,3.1
2015,41_repair,0.9
2016,41_repair,
2017,41_repair,0.1
2018,41_repair,0.7
2019,41_repair,0.4
2020,41_repair,0.2
2015,42_suppl_elec,0.0
2016,42_suppl_elec,
2017,42_suppl_elec,0.0
2018,42_suppl_elec,
2019,42_suppl_elec,
2020,42_suppl_elec,0.0
2015,43_suppl_wat,0.0
2016,43_suppl_wat,
2017,43_suppl_wat,0.0
2018,43_suppl_wat,
2019,43_suppl_wat,
2020,43_suppl_wat,
2015,44_collec_wat,0.0
2016,44_collec_wat,
2017,44_collec_wat,
2018,44_collec_wat,
2019,44_collec_wat,
2020,44_collec_wat,
2015,45_waste_wat,
2016,45_waste_wat,
2017,45_waste_wat,
2018,45_waste_wat,
2019,45_waste_wat,0.2
2020,45_waste_wat,
2015,46_restor,0.0
2016,46_restor,
2017,46_restor,0.0
2018,46_restor,
2019,46_restor,0.0
2020,46_restor,
2015,47_waste_act,
2016,47_waste_act,
2017,47_waste_act,
2018,47_waste_act,
2019,47_waste_act,
2020,47_waste_act,
